Unnamed: 0,Age,Sex,Job,Housing,Saving accounts,Checking account,Credit amount,Duration,Purpose
0,67,0,2,0,unknown,little,1169,6,5
1,22,1,2,0,little,moderate,5951,48,5
2,49,0,1,0,little,unknown,2096,12,3
3,45,0,2,2,little,little,7882,42,4
4,53,0,2,2,little,little,4870,24,1
5,35,0,1,2,unknown,unknown,9055,36,3
6,53,0,2,0,quite rich,unknown,2835,24,4
7,35,0,3,1,little,moderate,6948,36,1
8,61,0,1,0,rich,unknown,3059,12,5
9,28,0,3,0,little,moderate,5234,30,1
10,25,1,2,1,little,moderate,1295,12,1
11,24,1,2,1,little,little,4308,48,0
12,22,1,2,0,little,moderate,1567,12,5
13,60,0,1,0,little,little,1199,24,1
14,28,1,2,1,little,little,1403,15,1
15,32,1,1,0,moderate,little,1282,24,5
16,53,0,2,0,unknown,unknown,2424,24,5
17,25,0,2,0,unknown,little,8072,30,0
18,44,1,3,2,little,moderate,12579,24,1
19,31,0,2,0,quite rich,unknown,3430,24,5
20,48,0,2,0,little,unknown,2134,9,1
21,44,0,2,1,quite rich,little,2647,6,5
22,48,0,1,1,little,little,2241,10,1
23,44,0,2,0,moderate,moderate,1804,12,1
24,26,0,2,0,unknown,unknown,2069,10,4
25,36,0,1,0,little,little,1374,6,4
26,39,0,1,0,little,unknown,426,6,5
27,42,1,2,1,rich,rich,409,12,5
28,34,0,2,0,little,moderate,2415,7,5
29,63,0,2,0,little,little,6836,60,0
30,36,0,2,0,rich,moderate,1913,18,0
31,27,0,2,0,little,little,4020,24,4
32,30,0,2,0,moderate,moderate,5866,18,1
33,57,0,1,1,unknown,unknown,1264,12,0
34,33,1,3,0,little,rich,1474,12,4
35,25,0,1,0,little,moderate,4746,45,5
36,31,0,2,2,little,unknown,6110,48,3
37,37,0,2,0,little,rich,2100,18,5
38,37,0,2,0,little,rich,1225,10,2
39,24,0,2,0,little,moderate,458,9,5
40,30,0,3,0,quite rich,unknown,2333,30,5
41,26,0,2,0,quite rich,moderate,1158,12,5
42,44,0,1,0,little,moderate,6204,18,6
43,24,0,2,1,moderate,little,6187,30,1
44,58,1,1,2,little,little,6143,48,1
45,35,1,3,0,little,unknown,1393,11,1
46,39,0,2,0,quite rich,unknown,2299,36,5
47,23,1,0,1,quite rich,little,1352,6,1
48,39,0,1,0,little,unknown,7228,11,1
49,28,1,2,0,moderate,unknown,2073,12,5
50,29,0,1,0,unknown,moderate,2333,24,4
51,30,0,3,0,little,moderate,5965,27,1
52,25,0,2,0,little,unknown,1262,12,5
53,31,0,2,0,unknown,unknown,3378,18,1
54,57,0,2,2,little,moderate,2225,36,1
55,26,0,1,0,unknown,unknown,783,6,1
56,52,0,3,0,unknown,moderate,6468,12,5
57,31,1,2,0,little,unknown,9566,36,5
58,23,1,3,0,little,rich,1961,18,1
59,23,1,1,1,little,little,6229,36,4
60,27,0,2,0,little,moderate,1391,9,0
61,50,0,2,0,unknown,moderate,1537,15,5
62,61,0,3,2,little,moderate,1953,36,0
63,25,0,2,0,little,moderate,14421,48,0
64,26,1,2,0,little,unknown,3181,24,5
65,48,0,2,0,unknown,unknown,5190,27,6
66,29,1,2,0,little,unknown,2171,12,5
67,22,0,2,0,rich,moderate,1007,12,1
68,37,0,2,2,little,unknown,1819,36,3
69,25,1,2,0,unknown,unknown,2394,36,5
70,30,1,2,0,little,unknown,8133,36,1
71,46,0,1,1,unknown,unknown,730,7,5
72,51,0,3,2,little,little,1164,8,7
73,41,1,1,0,little,moderate,5954,42,0
74,40,0,3,0,unknown,little,1977,36,3
75,66,0,3,2,little,little,1526,12,1
76,34,0,2,0,little,little,3965,42,5
77,51,0,2,0,little,moderate,4771,11,5
78,39,0,1,0,unknown,unknown,9436,54,1
79,22,0,2,0,little,moderate,3832,30,4
80,44,1,2,0,unknown,unknown,5943,24,5
81,47,0,2,0,quite rich,unknown,1213,15,5
82,24,1,1,1,moderate,unknown,1568,18,0
83,58,1,1,0,little,little,1755,24,7
84,52,0,1,0,little,little,2315,10,5
85,29,1,3,0,little,unknown,1412,12,0
86,27,1,2,0,little,moderate,1295,18,4
87,47,0,2,2,moderate,moderate,12612,36,3
88,30,0,3,0,moderate,little,2249,18,1
89,28,0,2,0,little,little,1108,12,6
90,56,0,2,0,little,unknown,618,12,5
91,54,0,2,0,little,little,1409,12,1
92,33,1,1,0,unknown,unknown,797,12,5
93,20,0,2,1,unknown,rich,3617,24,4
94,54,0,2,0,rich,moderate,1318,12,1
95,58,0,2,1,little,moderate,15945,54,0
96,61,1,2,0,unknown,unknown,2012,12,3
97,34,0,2,0,moderate,moderate,2622,18,0
98,36,0,2,0,little,moderate,2337,36,5
99,36,0,3,1,unknown,moderate,7057,20,1
100,41,0,1,1,moderate,unknown,1469,24,1
101,24,0,2,1,little,moderate,2323,36,5
102,24,1,2,0,little,unknown,932,6,5
103,35,0,2,1,little,moderate,1919,9,4
104,26,0,2,1,unknown,unknown,2445,12,1
105,39,0,3,0,little,moderate,11938,24,7
106,39,0,3,0,little,unknown,6458,18,1
107,32,0,2,0,little,moderate,6078,12,1
108,30,1,2,0,unknown,little,7721,24,4
109,35,0,2,0,quite rich,moderate,1410,14,0
110,31,0,2,0,moderate,moderate,1449,6,0
111,23,1,2,1,little,rich,392,15,3
112,28,0,1,1,little,moderate,6260,18,1
113,25,1,2,0,little,unknown,7855,36,1
114,35,0,2,0,quite rich,little,1680,12,5
115,47,0,2,0,unknown,unknown,3578,48,5
116,30,1,3,0,unknown,little,7174,42,5
117,27,1,2,1,unknown,little,2132,10,4
118,23,1,2,0,quite rich,little,4281,33,4
119,36,0,3,0,quite rich,moderate,2366,12,1
120,25,1,2,0,little,little,1835,21,5
121,41,1,3,1,little,unknown,3868,24,1
122,24,0,1,1,little,unknown,1768,12,4
123,63,0,2,2,little,rich,781,10,1
124,27,1,2,1,unknown,moderate,1924,18,4
125,30,0,2,0,little,little,2121,12,1
126,40,0,1,0,little,little,701,12,5
127,30,0,2,0,little,moderate,639,12,6
128,34,0,3,0,little,moderate,1860,12,1
129,29,1,2,0,little,little,3499,12,1
130,24,1,2,0,unknown,moderate,8487,48,1
131,29,0,2,0,little,little,6887,36,3
132,27,0,1,0,little,unknown,2708,15,4
133,47,0,2,2,little,unknown,1984,18,4
134,21,1,2,0,moderate,unknown,10144,60,5
135,38,1,2,0,unknown,unknown,1240,12,5
136,27,0,2,0,rich,unknown,8613,27,1
137,66,0,1,0,quite rich,moderate,766,12,5
138,35,0,2,0,unknown,moderate,2728,15,5
139,44,1,1,1,little,rich,1881,12,5
140,27,0,0,0,rich,rich,709,6,1
141,30,1,3,0,little,moderate,4795,36,5
142,27,0,3,0,little,little,3416,27,5
143,22,0,2,0,little,little,2462,18,4
144,23,1,2,0,little,unknown,2288,21,4
145,30,0,2,0,moderate,moderate,3566,48,0
146,39,1,2,0,little,little,860,6,1
147,51,1,2,0,moderate,unknown,682,12,1
148,28,0,2,0,little,little,5371,36,4
149,46,0,2,0,rich,unknown,1582,18,5
150,42,0,2,2,moderate,unknown,1346,6,5
151,38,0,2,0,little,unknown,1924,10,5
152,24,0,2,0,little,rich,5848,36,5
153,29,1,2,1,rich,moderate,7758,24,1
154,36,0,3,1,moderate,moderate,6967,24,0
155,20,1,2,1,little,little,1282,12,4
156,48,0,2,0,moderate,little,1288,9,6
157,45,0,1,0,little,little,339,12,3
158,38,0,2,0,moderate,moderate,3512,24,1
159,34,0,1,0,unknown,unknown,1898,6,5
160,36,0,2,0,moderate,unknown,2872,24,5
161,30,1,2,0,little,unknown,1055,18,1
162,36,0,2,0,quite rich,unknown,1262,15,2
163,70,0,3,2,little,moderate,7308,10,1
164,36,0,2,0,quite rich,unknown,909,36,1
165,32,0,2,0,quite rich,unknown,2978,6,4
166,33,1,2,0,little,little,1131,18,4
167,20,1,2,0,rich,moderate,1577,11,4
168,25,1,2,1,little,unknown,3972,24,4
169,31,0,2,0,little,moderate,1935,24,0
170,33,0,2,1,little,little,950,15,1
171,26,1,2,0,little,unknown,763,12,4
172,34,1,3,0,little,moderate,2064,24,4
173,33,0,2,0,little,moderate,1414,8,5
174,26,0,2,0,little,little,3414,21,3
175,53,1,3,0,unknown,unknown,7485,30,1
176,42,0,2,0,little,little,2577,12,4
177,52,0,2,0,quite rich,little,338,6,5
178,31,0,3,1,little,unknown,1963,12,5
179,65,0,2,0,little,little,571,21,1
180,28,0,2,0,little,unknown,9572,36,0
181,30,0,3,0,little,moderate,4455,36,0
182,40,0,1,0,unknown,little,1647,21,1
183,50,0,2,0,rich,unknown,3777,24,4
184,36,0,2,0,little,moderate,884,18,1
185,31,0,2,0,little,unknown,1360,15,5
186,74,1,3,2,little,moderate,5129,9,1
187,68,0,0,2,little,moderate,1175,16,1
188,20,0,2,0,moderate,little,674,12,5
189,33,1,2,0,little,moderate,3244,18,4
190,54,0,3,0,rich,unknown,4591,24,0
191,34,0,1,2,moderate,moderate,3844,48,0
192,36,0,2,0,little,moderate,3915,27,0
193,29,0,2,1,little,unknown,2108,6,5
194,21,0,2,1,moderate,moderate,3031,45,5
195,34,1,3,0,little,moderate,1501,9,3
196,28,1,2,0,little,unknown,1382,6,5
197,27,1,2,1,moderate,moderate,951,12,4
198,36,0,2,2,unknown,moderate,2760,24,1
199,40,0,3,0,little,moderate,4297,18,4
200,52,0,2,0,quite rich,unknown,936,9,3
201,27,0,1,0,little,little,1168,12,1
202,26,0,2,0,little,unknown,5117,27,0
203,21,0,2,1,little,little,902,12,3
204,38,0,1,0,little,unknown,1495,12,1
205,38,0,3,2,little,little,10623,30,1
206,43,0,2,0,little,unknown,1935,12,4
207,26,0,2,0,little,moderate,1424,12,2
208,21,0,1,0,little,little,6568,24,0
209,55,0,2,0,rich,unknown,1413,12,1
210,33,0,2,0,unknown,unknown,3074,9,5
211,45,1,1,0,unknown,unknown,3835,36,5
212,50,0,2,0,little,little,5293,27,0
213,66,0,3,0,little,rich,1908,30,0
214,51,0,2,0,unknown,unknown,3342,36,5
215,39,1,1,0,unknown,moderate,932,6,3
216,31,0,2,0,little,little,3104,18,0
217,23,0,2,0,little,rich,3913,36,5
218,24,0,1,1,little,little,3021,24,4
219,64,1,2,0,little,unknown,1364,10,1
220,26,0,1,0,little,moderate,625,12,5
221,23,1,2,1,unknown,little,1200,12,3
222,30,0,2,0,little,unknown,707,12,5
223,32,0,2,0,unknown,unknown,2978,24,0
224,30,0,2,0,little,unknown,4657,15,1
225,27,0,2,0,little,unknown,2613,36,6
226,27,0,2,0,rich,moderate,10961,48,5
227,53,0,3,2,little,little,7865,12,4
228,22,0,2,0,little,unknown,1478,9,5
229,22,0,2,2,little,little,3149,24,4
230,26,0,2,0,little,rich,4210,36,5
231,51,0,1,2,quite rich,unknown,2507,9,1
232,35,0,2,0,moderate,unknown,2141,12,5
233,25,0,1,0,little,moderate,866,18,5
234,42,0,1,0,little,unknown,1544,4,5
235,30,0,3,0,little,little,1823,24,5
236,23,0,0,0,unknown,moderate,14555,6,1
237,61,0,1,1,moderate,moderate,2767,21,0
238,35,1,2,0,little,unknown,1291,12,5
239,39,0,2,0,little,little,2522,30,5
240,29,1,2,0,unknown,little,915,24,1
241,51,0,2,0,little,unknown,1595,6,5
242,24,0,2,2,little,little,4605,48,1
243,27,1,2,0,little,unknown,1185,12,0
244,35,1,1,0,quite rich,unknown,3447,12,3
245,25,0,2,0,little,unknown,1258,24,0
246,52,0,2,0,little,unknown,717,12,5
247,35,0,2,1,moderate,unknown,1204,6,1
248,26,0,2,0,little,rich,1925,24,4
249,22,1,2,1,little,unknown,433,18,5
250,39,1,1,0,rich,little,666,6,1
251,46,1,1,0,little,rich,2251,12,4
252,24,1,2,0,little,moderate,2150,30,1
253,35,0,2,0,moderate,unknown,4151,24,4
254,24,0,2,0,unknown,moderate,2030,9,4
255,27,0,1,0,unknown,moderate,7418,60,5
256,35,0,1,0,little,unknown,2684,24,5
257,29,0,2,2,little,little,2149,12,5
258,23,1,2,0,moderate,unknown,3812,15,1
259,57,1,1,0,moderate,unknown,1154,11,5
260,27,0,2,0,little,little,1657,12,4
261,55,1,2,0,little,little,1603,24,5
262,36,0,3,2,little,little,5302,18,1
263,57,1,1,2,little,unknown,2748,12,3
264,32,0,1,0,little,unknown,1231,10,1
265,37,0,2,0,little,moderate,802,15,5
266,36,0,2,0,unknown,unknown,6304,36,0
267,38,1,2,0,little,unknown,1533,24,5
268,45,0,3,0,little,little,8978,14,1
269,25,0,2,0,unknown,unknown,999,24,5
270,32,0,2,0,unknown,unknown,2662,18,1
271,37,1,2,1,quite rich,unknown,1402,12,4
272,36,0,3,2,unknown,moderate,12169,48,1
273,28,0,2,0,little,moderate,3060,48,5
274,34,0,1,0,little,little,11998,30,6
275,32,0,2,0,little,unknown,2697,9,5
276,26,1,2,0,little,unknown,2404,18,5
277,49,0,1,0,unknown,little,1262,12,4
278,32,1,2,0,little,unknown,4611,6,4
279,29,0,3,1,moderate,unknown,1901,24,5
280,23,0,2,1,rich,unknown,3368,15,1
281,50,0,2,0,little,unknown,1574,12,4
282,49,0,1,0,unknown,rich,1445,18,5
283,63,0,2,0,unknown,unknown,1520,15,4
284,37,0,2,0,moderate,moderate,3878,24,1
285,35,1,1,0,little,little,10722,47,1
286,26,0,2,0,little,little,4788,48,1
287,31,0,3,2,moderate,moderate,7582,48,7
288,49,1,2,0,little,moderate,1092,12,5
289,48,0,2,0,little,little,1024,24,5
290,26,0,2,0,little,unknown,1076,12,0
291,28,0,3,1,little,moderate,9398,36,1
292,44,1,3,2,little,little,6419,24,1
293,56,0,2,2,little,rich,4796,42,1
294,46,0,3,0,unknown,unknown,7629,48,0
295,26,1,2,0,little,moderate,9960,48,4
296,20,1,2,1,unknown,unknown,4675,12,1
297,45,0,1,0,unknown,unknown,1287,10,1
298,43,0,2,0,little,unknown,2515,18,4
299,32,0,2,0,rich,moderate,2745,21,4
300,54,1,0,0,little,unknown,672,6,1
301,42,1,2,0,little,moderate,3804,36,5
302,37,0,1,0,unknown,rich,1344,24,1
303,49,0,2,0,little,little,1038,10,1
304,44,0,2,2,quite rich,unknown,10127,48,1
305,33,0,2,0,rich,unknown,1543,6,4
306,24,1,1,1,unknown,unknown,4811,30,1
307,33,0,1,0,moderate,little,727,12,5
308,24,1,2,0,little,moderate,1237,8,4
309,22,0,1,1,little,moderate,276,9,1
310,40,0,0,2,unknown,moderate,5381,48,7
311,25,0,2,0,moderate,unknown,5511,24,4
312,26,1,2,0,little,rich,3749,24,4
313,25,0,1,0,little,moderate,685,12,1
314,29,0,1,0,unknown,rich,1494,4,1
315,31,0,2,0,little,little,2746,36,4
316,38,0,1,0,little,little,708,12,4
317,48,1,1,0,unknown,moderate,4351,24,4
318,32,0,2,0,little,unknown,701,12,3
319,27,1,1,0,little,little,3643,15,4
320,28,0,3,0,little,moderate,4249,30,1
321,32,0,2,0,little,little,1938,24,5
322,34,0,3,2,little,little,2910,24,1
323,28,0,2,0,rich,little,2659,18,4
324,36,1,2,0,little,unknown,1028,18,1
325,39,0,1,0,little,little,3398,8,1
326,49,0,2,1,unknown,unknown,5801,12,4
327,34,1,2,0,rich,unknown,1525,24,1
328,31,0,2,0,little,rich,4473,36,5
329,28,0,2,0,little,moderate,1068,6,5
330,75,0,3,2,little,little,6615,24,1
331,30,1,2,0,moderate,unknown,1864,18,3
332,24,1,3,0,moderate,moderate,7408,60,1
333,24,1,1,1,moderate,unknown,11590,48,1
334,23,0,2,1,little,little,4110,24,4
335,44,0,3,1,little,little,3384,6,4
336,23,1,1,0,little,moderate,2101,13,5
337,24,1,2,1,unknown,little,1275,15,2
338,28,0,2,0,little,little,4169,24,4
339,31,0,1,0,little,moderate,1521,10,4
340,24,1,2,2,little,moderate,5743,24,3
341,26,1,1,1,little,little,3599,21,4
342,25,0,2,1,quite rich,moderate,3213,18,5
343,33,0,3,0,little,moderate,4439,18,0
344,37,0,1,0,little,rich,3949,10,1
345,43,1,1,0,little,unknown,1459,15,5
346,23,0,2,0,little,moderate,882,13,5
347,23,1,0,1,quite rich,moderate,3758,24,5
348,34,0,1,0,moderate,unknown,1743,6,0
349,32,0,2,2,rich,moderate,1136,9,3
350,23,1,2,1,little,unknown,1236,9,2
351,29,1,2,0,little,moderate,959,9,4
352,38,0,3,0,unknown,unknown,3229,18,1
353,28,0,2,1,little,little,6199,12,5
354,46,0,2,2,quite rich,unknown,727,10,3
355,23,0,1,0,little,moderate,1246,24,1
356,49,0,2,0,unknown,unknown,2331,12,5
357,26,0,3,0,little,unknown,4463,36,5
358,28,0,2,0,little,unknown,776,12,5
359,23,1,2,1,little,little,2406,30,4
360,61,0,2,2,unknown,moderate,1239,18,3
361,37,0,3,0,unknown,rich,3399,12,5
362,36,1,2,0,little,rich,2247,12,1
363,21,0,2,1,little,unknown,1766,6,4
364,25,0,0,0,little,little,2473,18,4
365,36,0,2,0,little,unknown,1542,12,0
366,27,0,2,0,little,unknown,3850,18,1
367,22,1,2,1,little,little,3650,18,4
368,42,0,2,0,little,little,3446,36,4
369,40,1,2,1,little,moderate,3001,18,4
370,36,0,2,0,unknown,unknown,3079,36,1
371,33,0,2,0,little,unknown,6070,18,5
372,23,1,2,1,little,unknown,2146,10,4
373,63,0,3,2,unknown,unknown,13756,60,1
374,60,1,3,2,moderate,moderate,14782,60,7
375,37,1,2,1,little,little,7685,48,0
376,34,0,2,0,little,unknown,2320,18,5
377,36,0,2,2,unknown,unknown,846,7,5
378,57,0,3,2,little,moderate,14318,36,1
379,52,1,1,0,moderate,unknown,362,6,1
380,39,0,2,0,unknown,little,2212,20,4
381,38,1,3,2,little,moderate,12976,18,1
382,25,1,2,1,unknown,unknown,1283,22,1
383,26,0,2,0,little,rich,1330,12,1
384,26,0,1,0,moderate,unknown,4272,30,0
385,25,1,2,0,little,unknown,2238,18,5
386,21,1,2,1,unknown,unknown,1126,18,5
387,40,0,3,0,little,moderate,7374,18,4
388,27,0,2,0,quite rich,moderate,2326,15,0
389,27,1,2,0,little,unknown,1449,9,0
390,30,0,3,0,little,unknown,1820,18,1
391,19,1,1,1,rich,moderate,983,12,4
392,39,0,3,2,little,little,3249,36,1
393,31,1,2,0,little,little,1957,6,5
394,31,0,3,0,little,unknown,2406,9,4
395,32,0,2,1,moderate,moderate,11760,39,3
396,55,1,3,2,little,little,2578,12,4
397,46,0,2,0,little,little,2348,36,4
398,46,0,2,1,little,moderate,1223,12,1
399,43,1,1,0,rich,unknown,1516,24,5
400,39,0,2,0,little,unknown,1473,18,5
401,28,0,2,0,unknown,moderate,1887,18,0
402,27,0,2,0,little,unknown,8648,24,0
403,27,0,1,0,little,unknown,802,14,1
404,43,0,2,0,unknown,moderate,2899,18,1
405,22,0,2,0,little,moderate,2039,24,5
406,43,0,2,0,unknown,unknown,2197,24,1
407,27,0,2,0,little,little,1053,15,5
408,26,0,3,0,quite rich,unknown,3235,24,5
409,28,0,2,0,quite rich,rich,939,12,1
410,20,1,2,0,little,moderate,1967,24,5
411,35,0,3,0,little,unknown,7253,33,1
412,42,0,3,0,little,unknown,2292,12,0
413,40,0,1,1,quite rich,unknown,1597,10,1
414,35,1,2,0,unknown,little,1381,24,1
415,35,0,2,0,little,unknown,5842,36,1
416,33,0,1,0,little,little,2579,12,1
417,23,1,2,1,unknown,little,8471,18,3
418,31,1,3,0,quite rich,unknown,2782,21,1
419,33,1,2,0,unknown,moderate,1042,18,1
420,20,1,2,1,rich,unknown,3186,15,1
421,30,0,2,0,unknown,moderate,2028,12,1
422,47,0,1,0,little,moderate,958,12,1
423,34,0,3,0,moderate,unknown,1591,21,4
424,25,1,2,0,unknown,moderate,2762,12,4
425,21,0,2,1,little,moderate,2779,18,1
426,29,0,2,0,little,unknown,2743,28,5
427,46,0,2,0,rich,unknown,1149,18,5
428,20,0,2,0,little,unknown,1313,9,4
429,55,1,0,2,little,little,1190,18,6
430,74,0,1,0,little,unknown,3448,5,0
431,29,0,3,0,little,moderate,11328,24,7
432,36,0,3,2,little,little,1872,6,4
433,33,0,2,0,little,unknown,2058,24,6
434,25,0,2,0,little,little,2136,9,4
435,25,0,2,0,unknown,moderate,1484,12,5
436,23,0,1,1,quite rich,unknown,660,6,6
437,37,1,2,0,rich,unknown,1287,24,1
438,65,0,0,0,little,little,3394,42,6
439,26,1,0,0,little,rich,609,12,0
440,39,0,3,0,little,unknown,1884,12,1
441,30,1,2,0,little,little,1620,12,4
442,29,0,2,0,little,moderate,2629,20,7
443,41,0,1,0,little,unknown,719,12,3
444,30,1,3,0,little,moderate,5096,48,4
445,41,1,1,1,unknown,unknown,1244,9,3
446,34,1,2,0,little,little,1842,36,1
447,35,0,2,0,little,moderate,2576,7,5
448,55,1,3,0,unknown,rich,1424,12,4
449,61,0,2,0,rich,moderate,1512,15,6
450,30,0,3,0,unknown,unknown,11054,36,1
451,29,1,2,0,little,unknown,518,6,5
452,34,0,2,0,little,unknown,2759,12,4
453,35,0,3,0,little,unknown,2670,24,1
454,31,0,2,0,little,little,4817,24,1
455,29,1,3,0,little,unknown,2679,24,1
456,36,0,2,1,little,little,3905,11,1
457,35,0,2,2,little,little,3386,12,1
458,27,1,2,0,little,little,343,6,2
459,32,0,2,0,little,unknown,4594,18,5
460,37,0,2,0,little,little,3620,36,4
461,36,0,2,0,little,little,1721,15,1
462,34,1,3,1,little,moderate,3017,12,4
463,38,0,2,0,unknown,moderate,754,12,3
464,34,0,2,0,little,unknown,1950,18,0
465,63,0,2,0,little,little,2924,24,1
466,29,1,1,1,little,little,1659,24,5
467,32,0,2,0,unknown,unknown,7238,48,5
468,26,1,2,0,little,unknown,2764,33,0
469,35,0,1,0,little,unknown,4679,24,1
470,22,0,2,1,moderate,moderate,3092,24,5
471,23,1,2,0,little,little,448,6,3
472,28,0,1,0,little,little,654,9,1
473,36,0,3,0,unknown,unknown,1238,6,3
474,33,0,2,0,little,moderate,1245,18,5
475,26,1,2,1,little,little,3114,18,4
476,24,0,2,0,quite rich,unknown,2569,39,1
477,25,0,2,0,little,rich,5152,24,5
478,39,0,1,0,moderate,moderate,1037,12,0
479,44,0,2,0,little,little,1478,15,4
480,23,1,1,0,little,moderate,3573,12,5
481,26,0,2,0,little,moderate,1201,24,1
482,57,1,2,1,rich,little,3622,30,4
483,30,1,2,0,rich,unknown,960,15,4
484,44,0,2,0,quite rich,unknown,1163,12,1
485,47,0,3,0,little,moderate,1209,6,1
486,52,0,2,0,little,unknown,3077,12,5
487,62,1,2,2,little,unknown,3757,24,1
488,35,0,1,1,moderate,unknown,1418,10,1
489,26,0,2,1,little,unknown,3518,6,1
490,26,0,2,0,little,unknown,1934,12,5
491,42,1,3,2,little,moderate,8318,27,0
492,27,1,2,0,moderate,unknown,1237,6,5
493,38,0,2,0,unknown,moderate,368,6,5
494,39,0,1,1,little,little,2122,12,1
495,20,0,2,0,unknown,little,2996,24,4
496,29,0,3,1,moderate,moderate,9034,36,4
497,40,0,2,0,little,unknown,1585,24,4
498,32,0,1,0,little,moderate,1301,18,5
499,28,0,2,0,moderate,rich,1323,6,1
500,27,1,2,0,little,little,3123,24,1
501,42,0,2,2,little,little,5493,36,1
502,49,0,2,0,moderate,rich,1126,9,5
503,38,0,2,0,moderate,moderate,1216,24,5
504,24,1,2,1,little,little,1207,24,1
505,27,0,1,0,unknown,unknown,1309,10,1
506,36,0,2,0,quite rich,rich,2360,15,1
507,34,0,3,0,moderate,moderate,6850,15,1
508,28,0,2,0,little,unknown,1413,24,5
509,45,0,3,0,moderate,unknown,8588,39,1
510,26,0,2,0,little,little,759,12,1
511,32,0,3,2,little,unknown,4686,36,1
512,26,0,2,1,little,rich,2687,15,0
513,20,0,2,1,little,moderate,585,12,5
514,54,0,2,0,unknown,unknown,2255,24,1
515,37,1,2,0,little,little,609,6,1
516,40,0,1,0,little,little,1361,6,1
517,23,1,2,1,little,unknown,7127,36,4
518,43,0,2,0,moderate,little,1203,6,1
519,36,0,2,2,unknown,unknown,700,6,5
520,44,0,2,2,little,unknown,5507,24,6
521,24,1,2,0,little,little,3190,18,5
522,53,0,2,2,little,little,7119,48,4
523,23,1,2,0,moderate,unknown,3488,24,1
524,26,1,1,0,little,moderate,1113,18,5
525,30,0,2,0,little,moderate,7966,26,1
526,31,1,2,0,moderate,unknown,1532,15,3
527,42,0,1,0,little,unknown,1503,4,5
528,31,0,2,1,little,little,2302,36,5
529,41,0,1,0,little,little,662,6,1
530,32,0,2,0,little,moderate,2273,36,3
531,28,1,2,1,moderate,moderate,2631,15,1
532,41,0,2,1,little,unknown,1503,12,1
533,26,0,2,0,moderate,unknown,1311,24,5
534,25,0,2,0,unknown,unknown,3105,24,5
535,33,0,2,1,little,rich,2319,21,3
536,75,1,3,0,unknown,little,1374,6,1
537,37,1,2,0,little,moderate,3612,18,4
538,42,0,3,2,little,little,7763,48,1
539,45,1,1,0,little,rich,3049,18,4
540,23,0,2,1,little,moderate,1534,12,5
541,60,0,2,2,little,unknown,2032,24,1
542,31,0,2,0,unknown,little,6350,30,4
543,34,0,1,0,little,rich,2864,18,4
544,61,0,1,0,little,unknown,1255,12,1
545,43,0,2,2,little,little,1333,24,1
546,37,1,2,0,little,unknown,2022,24,1
547,32,0,2,0,little,unknown,1552,24,5
548,24,1,1,0,little,little,626,12,5
549,35,0,2,2,unknown,unknown,8858,48,1
550,23,1,2,0,unknown,unknown,996,12,6
551,45,0,1,0,quite rich,unknown,1750,6,5
552,34,0,2,0,little,little,6999,48,5
553,27,0,2,0,moderate,moderate,1995,12,1
554,67,1,3,0,little,moderate,1199,9,3
555,22,0,2,0,little,moderate,1331,12,5
556,28,1,2,0,moderate,moderate,2278,18,1
557,29,1,2,0,unknown,unknown,5003,21,1
558,27,0,2,0,little,little,3552,24,4
559,31,0,1,0,little,moderate,1928,18,4
560,49,0,2,2,unknown,little,2964,24,1
561,24,0,1,1,little,little,1546,24,5
562,29,1,2,0,little,rich,683,6,5
563,37,0,2,2,unknown,moderate,12389,36,1
564,37,0,3,0,unknown,moderate,4712,24,0
565,23,1,2,1,moderate,moderate,1553,24,5
566,36,0,2,0,little,little,1372,12,1
567,34,0,2,0,rich,unknown,2578,24,5
568,41,0,2,0,unknown,moderate,3979,48,5
569,31,1,2,0,little,little,6758,48,5
570,23,1,1,1,little,little,3234,24,4
571,38,0,2,0,little,unknown,5954,30,5
572,26,1,3,1,unknown,unknown,5433,24,1
573,22,1,1,0,little,little,806,15,0
574,27,0,1,0,little,moderate,1082,9,5
575,24,1,2,0,little,unknown,2788,15,4
576,27,1,2,0,little,moderate,2930,12,5
577,33,1,2,0,unknown,unknown,1927,24,3
578,27,0,2,0,little,moderate,2820,36,1
579,27,0,1,0,little,unknown,937,24,3
580,30,0,2,0,little,moderate,1056,18,1
581,49,0,1,0,little,moderate,3124,12,1
582,26,1,2,1,little,unknown,1388,9,4
583,33,0,1,1,little,moderate,2384,36,6
584,52,1,3,2,unknown,unknown,2133,12,1
585,20,1,2,1,little,little,2039,18,4
586,36,0,2,1,little,little,2799,9,1
587,21,0,1,0,little,little,1289,12,4
588,47,0,1,0,little,little,1217,18,2
589,60,0,2,0,little,little,2246,12,4
590,58,1,1,0,little,little,385,12,5
591,42,1,2,1,unknown,moderate,1965,24,1
592,36,1,1,0,rich,unknown,1572,21,0
593,20,1,1,1,little,moderate,2718,24,1
594,40,0,3,0,unknown,little,1358,24,7
595,32,1,1,0,moderate,moderate,931,6,1
596,23,1,2,1,little,little,1442,24,1
597,36,0,1,0,little,moderate,4241,24,0
598,31,0,2,0,little,unknown,2775,18,1
599,32,0,2,2,little,unknown,3863,24,0
600,45,1,2,0,little,moderate,2329,7,5
601,30,1,2,0,little,moderate,918,9,4
602,34,1,1,2,little,moderate,1837,24,3
603,28,1,3,0,little,unknown,3349,36,4
604,23,1,2,0,little,rich,1275,10,4
605,22,0,2,0,quite rich,little,2828,24,4
606,74,0,3,0,little,unknown,4526,24,0
607,50,1,2,2,moderate,moderate,2671,36,5
608,33,0,2,0,little,unknown,2051,18,5
609,45,0,2,2,unknown,unknown,1300,15,1
610,22,1,2,0,moderate,little,741,12,2
611,48,1,1,2,moderate,rich,1240,10,1
612,29,1,2,0,rich,little,3357,21,5
613,22,1,2,1,little,little,3632,24,1
614,22,1,2,0,little,unknown,1808,18,4
615,48,0,3,0,unknown,moderate,12204,48,0
616,27,0,3,2,unknown,moderate,9157,60,5
617,37,0,2,1,little,little,3676,6,1
618,21,1,2,1,moderate,moderate,3441,30,4
619,49,0,1,0,little,unknown,640,12,1
620,27,0,2,0,little,moderate,3652,21,0
621,32,0,2,0,little,unknown,1530,18,1
622,38,0,2,0,unknown,unknown,3914,48,0
623,22,1,2,1,little,little,1858,12,4
624,65,0,2,2,little,little,2600,18,5
625,35,0,2,0,unknown,unknown,1979,15,5
626,41,0,2,0,little,rich,2116,6,4
627,29,0,2,0,moderate,moderate,1437,9,1
628,36,0,2,0,quite rich,unknown,4042,42,4
629,64,0,1,0,unknown,unknown,3832,9,3
630,28,1,2,0,little,little,3660,24,5
631,44,0,2,0,little,little,1553,18,4
632,23,0,2,0,unknown,moderate,1444,15,5
633,19,1,2,1,little,unknown,1980,9,4
634,25,1,1,0,little,moderate,1355,24,1
635,47,0,2,0,little,unknown,1393,12,3
636,28,1,2,0,quite rich,unknown,1376,24,5
637,21,0,2,0,little,unknown,15653,60,5
638,34,1,2,0,little,unknown,1493,12,5
639,26,0,2,0,little,little,4370,42,5
640,27,1,0,0,little,little,750,18,3
641,38,0,1,0,little,moderate,1308,15,6
642,40,0,3,0,moderate,unknown,4623,15,3
643,33,0,2,0,little,unknown,1851,24,5
644,32,0,3,0,little,little,1880,18,5
645,27,0,2,1,unknown,unknown,7980,36,0
646,32,0,2,0,little,little,4583,30,4
647,26,1,2,0,quite rich,unknown,1386,12,1
648,38,0,2,2,little,rich,947,24,1
649,40,0,1,1,little,little,684,12,3
650,50,0,3,2,little,little,7476,48,3
651,37,0,1,0,little,moderate,1922,12,4
652,45,0,2,0,little,little,2303,24,1
653,42,0,3,0,moderate,moderate,8086,36,1
654,35,0,2,0,little,unknown,2346,24,1
655,22,0,2,2,little,little,3973,14,1
656,41,0,1,0,little,moderate,888,12,1
657,37,0,2,0,unknown,unknown,10222,48,5
658,28,1,2,0,little,moderate,4221,30,0
659,41,0,2,0,little,moderate,6361,18,4
660,23,0,2,1,little,rich,1297,12,5
661,23,0,2,0,unknown,little,900,12,1
662,50,0,2,0,little,unknown,2241,21,4
663,35,0,3,0,little,moderate,1050,6,4
664,50,1,1,0,little,rich,1047,6,3
665,27,0,3,0,little,unknown,6314,24,7
666,34,0,2,0,rich,moderate,3496,30,4
667,27,1,2,0,little,unknown,3609,48,0
668,43,0,2,1,little,little,4843,12,1
669,47,0,2,0,little,rich,3017,30,5
670,27,0,1,0,moderate,unknown,4139,24,0
671,31,0,2,0,moderate,unknown,5742,36,0
672,42,0,3,0,little,unknown,10366,60,1
673,24,0,2,0,quite rich,unknown,2080,6,1
674,41,0,1,0,quite rich,unknown,2580,21,0
675,26,1,3,1,little,unknown,4530,30,5
676,33,0,2,0,little,unknown,5150,24,4
677,24,0,2,0,moderate,moderate,5595,72,5
678,64,0,1,1,little,little,2384,24,5
679,26,1,2,0,little,unknown,1453,18,5
680,56,1,2,0,little,unknown,1538,6,3
681,37,0,2,2,unknown,unknown,2279,12,5
682,33,0,2,0,little,unknown,1478,15,5
683,47,0,2,2,little,unknown,5103,24,5
684,31,0,1,0,moderate,moderate,9857,36,0
685,34,0,2,2,unknown,unknown,6527,60,1
686,27,0,2,0,unknown,rich,1347,10,5
687,30,0,2,2,moderate,moderate,2862,36,1
688,35,0,2,0,moderate,unknown,2753,9,5
689,31,0,2,0,rich,little,3651,12,1
690,25,0,2,0,little,little,975,15,4
691,25,1,1,0,moderate,moderate,2631,15,6
692,29,0,2,0,moderate,moderate,2896,24,5
693,44,0,1,0,unknown,little,4716,6,1
694,28,0,2,0,little,unknown,2284,24,5
695,50,0,2,1,quite rich,unknown,1236,6,1
696,29,0,2,0,little,moderate,1103,12,5
697,38,1,0,0,little,unknown,926,12,1
698,24,0,2,0,little,unknown,1800,18,5
699,40,0,3,1,little,rich,1905,15,3
700,29,1,1,1,quite rich,unknown,1123,12,4
701,46,0,2,2,little,little,6331,48,1
702,47,1,2,2,moderate,rich,1377,24,5
703,41,0,2,0,moderate,moderate,2503,30,0
704,32,1,2,0,little,moderate,2528,27,0
705,35,1,2,2,quite rich,unknown,5324,15,1
706,24,0,2,0,moderate,moderate,6560,48,1
707,25,1,2,1,little,moderate,2969,12,4
708,25,1,2,0,little,moderate,1206,9,5
709,37,0,1,0,little,moderate,2118,9,5
710,32,0,3,0,quite rich,unknown,629,18,5
711,35,1,2,2,little,little,1198,6,3
712,46,0,3,0,unknown,unknown,2476,21,1
713,25,0,1,0,little,little,1138,9,5
714,27,0,3,0,little,moderate,14027,60,1
715,63,0,2,0,unknown,unknown,7596,30,1
716,40,0,2,0,unknown,unknown,3077,30,5
717,32,0,3,2,little,unknown,1505,18,5
718,31,0,2,0,unknown,rich,3148,24,5
719,31,0,2,0,moderate,moderate,6148,20,1
720,34,0,3,0,little,rich,1337,9,5
721,24,1,2,1,rich,moderate,433,6,3
722,24,1,1,0,little,little,1228,12,1
723,66,1,1,0,quite rich,moderate,790,9,5
724,21,1,2,1,little,unknown,2570,27,1
725,41,1,1,0,rich,unknown,250,6,1
726,47,0,1,0,quite rich,unknown,1316,15,5
727,25,1,2,1,little,little,1882,18,5
728,59,1,2,1,little,moderate,6416,48,0
729,36,0,2,0,rich,rich,1275,24,0
730,33,0,2,0,little,moderate,6403,24,5
731,21,0,1,1,little,little,1987,24,5
732,44,1,1,0,little,moderate,760,8,5
733,28,1,2,1,rich,unknown,2603,24,1
734,37,1,2,0,little,unknown,3380,4,1
735,29,1,0,0,unknown,moderate,3990,36,2
736,23,1,3,1,little,moderate,11560,24,1
737,35,0,1,0,moderate,little,4380,18,1
738,45,0,3,0,little,unknown,6761,6,1
739,26,1,1,1,moderate,moderate,4280,30,0
740,32,0,2,0,moderate,little,2325,24,1
741,23,0,1,0,little,moderate,1048,10,5
742,41,0,2,0,unknown,unknown,3160,21,5
743,22,0,2,0,quite rich,little,2483,24,4
744,30,0,3,0,unknown,little,14179,39,4
745,28,0,1,0,little,little,1797,13,0
746,23,1,2,1,little,little,2511,15,1
747,37,1,1,0,little,little,1274,12,1
748,26,0,2,0,unknown,unknown,5248,21,1
749,33,0,2,0,little,unknown,3029,15,1
750,49,1,2,0,little,little,428,6,4
751,23,1,1,0,little,little,976,18,1
752,23,1,1,1,moderate,moderate,841,12,0
753,25,1,2,0,little,unknown,5771,30,5
754,55,0,2,2,rich,unknown,1555,12,6
755,32,1,2,1,unknown,little,1285,24,1
756,74,0,0,0,little,rich,1299,6,1
757,39,0,2,2,unknown,rich,1271,15,5
758,31,0,2,0,little,unknown,1393,24,1
759,35,0,2,0,little,little,691,12,1
760,59,1,2,0,unknown,unknown,5045,15,1
761,24,1,2,1,little,little,2124,18,4
762,24,0,1,0,little,little,2214,12,5
763,30,0,3,2,unknown,unknown,12680,21,1
764,27,0,2,0,moderate,unknown,2463,24,1
765,40,0,1,0,little,moderate,1155,12,5
766,31,0,1,0,little,little,3108,30,4
767,31,1,2,1,unknown,unknown,2901,10,1
768,28,0,2,1,little,moderate,3617,12,4
769,63,0,1,0,little,unknown,1655,12,5
770,26,1,2,1,unknown,little,2812,24,1
771,25,1,3,0,little,little,8065,36,3
772,36,0,3,0,little,unknown,3275,21,1
773,52,0,2,0,moderate,unknown,2223,24,5
774,66,0,0,2,quite rich,rich,1480,12,1
775,25,1,2,1,unknown,little,1371,24,1
776,37,0,2,0,little,unknown,3535,36,1
777,25,1,2,0,little,little,3509,18,5
778,38,0,3,0,rich,unknown,5711,36,1
779,67,1,2,0,little,moderate,3872,18,6
780,25,0,2,0,little,moderate,4933,39,5
781,60,0,2,0,rich,unknown,1940,24,1
782,31,0,1,0,little,moderate,1410,12,3
783,23,1,1,0,moderate,moderate,836,12,1
784,60,0,3,0,unknown,moderate,6468,20,1
785,35,0,1,0,rich,moderate,1941,18,0
786,40,0,2,0,quite rich,unknown,2675,22,5
787,38,0,2,0,unknown,unknown,2751,48,1
788,50,0,2,2,little,moderate,6224,48,3
789,27,0,2,0,little,little,5998,40,3
790,39,1,2,0,little,moderate,1188,21,0
791,41,0,3,0,unknown,unknown,6313,24,1
792,27,0,2,0,unknown,unknown,1221,6,4
793,51,0,2,2,little,rich,2892,24,4
794,32,0,2,1,quite rich,unknown,3062,24,4
795,22,1,2,1,moderate,unknown,2301,9,4
796,51,0,2,2,unknown,little,7511,18,1
797,22,1,1,1,little,unknown,1258,12,4
798,54,0,2,0,unknown,unknown,717,24,1
799,35,0,0,0,unknown,moderate,1549,9,1
800,54,0,2,2,little,unknown,1597,24,3
801,48,1,1,1,little,moderate,1795,18,5
802,24,1,2,0,little,little,4272,20,4
803,35,0,2,0,unknown,unknown,976,12,5
804,24,1,0,1,unknown,moderate,7472,12,1
805,24,0,2,0,little,little,9271,36,1
806,26,0,1,0,little,moderate,590,6,5
807,65,0,2,0,unknown,unknown,930,12,5
808,55,0,3,2,little,moderate,9283,42,1
809,26,1,0,1,little,moderate,1778,15,1
810,26,0,2,0,little,moderate,907,8,0
811,28,0,1,0,little,moderate,484,6,5
812,24,0,2,0,little,little,9629,36,1
813,54,0,2,0,little,little,3051,48,2
814,46,0,2,2,little,little,3931,48,1
815,54,1,2,1,little,moderate,7432,36,1
816,62,0,2,0,quite rich,unknown,1338,6,2
817,24,1,2,1,little,unknown,1554,6,5
818,43,0,3,0,little,little,15857,36,7
819,26,0,2,0,little,little,1345,18,5
820,27,0,2,0,little,unknown,1101,12,1
821,24,0,2,0,little,rich,3016,12,5
822,41,0,2,0,little,little,2712,36,4
823,47,0,1,0,little,little,731,8,1
824,35,0,3,0,little,unknown,3780,18,4
825,30,0,2,0,little,little,1602,21,1
826,33,1,2,1,little,little,3966,18,1
827,36,0,2,0,little,unknown,4165,18,0
828,47,0,2,2,unknown,little,8335,36,1
829,38,0,2,2,unknown,moderate,6681,48,0
830,44,0,2,0,quite rich,unknown,2375,24,0
831,23,1,2,1,little,little,1216,18,1
832,29,0,2,1,little,little,11816,45,0
833,42,1,2,0,unknown,moderate,5084,24,5
834,25,1,1,0,little,rich,2327,15,5
835,48,0,2,0,little,little,1082,12,1
836,21,1,2,0,unknown,unknown,886,12,5
837,23,1,1,1,little,unknown,601,4,4
838,63,0,2,0,little,little,2957,24,1
839,46,0,2,0,little,unknown,2611,24,5
840,29,0,2,0,little,little,5179,36,4
841,28,0,1,0,little,unknown,2993,21,1
842,23,1,2,0,little,unknown,1943,18,6
843,50,0,2,0,little,unknown,1559,24,0
844,47,0,2,0,little,unknown,3422,18,4
845,35,0,2,0,unknown,moderate,3976,21,4
846,68,0,2,1,unknown,unknown,6761,18,1
847,28,0,2,0,little,unknown,1249,24,1
848,59,0,2,0,little,little,1364,9,5
849,57,0,1,0,little,little,709,12,5
850,33,0,2,1,little,little,2235,20,1
851,43,0,2,0,unknown,unknown,4042,24,1
852,35,0,2,2,little,unknown,1471,15,5
853,32,0,1,2,little,little,1442,18,1
854,45,0,2,0,little,unknown,10875,36,1
855,33,0,2,0,moderate,unknown,1474,24,1
856,40,1,2,0,unknown,unknown,894,10,3
857,28,0,2,2,little,unknown,3343,15,4
858,29,1,2,0,little,little,3959,15,1
859,26,0,2,1,moderate,unknown,3577,9,1
860,27,0,2,0,rich,unknown,5804,24,1
861,28,0,2,0,little,unknown,2169,18,0
862,35,1,2,0,little,little,2439,24,5
863,32,0,1,0,rich,unknown,4526,27,4
864,25,0,1,1,little,unknown,2210,10,4
865,20,1,2,1,quite rich,unknown,2221,15,4
866,27,1,2,0,little,little,2389,18,5
867,42,0,2,0,little,unknown,3331,12,4
868,37,0,2,0,unknown,unknown,7409,36,0
869,24,1,2,1,little,little,652,12,4
870,40,1,2,0,quite rich,unknown,7678,36,4
871,46,0,2,0,little,rich,1343,6,1
872,26,0,2,0,moderate,little,1382,24,0
873,24,1,2,0,unknown,unknown,874,15,2
874,29,0,1,0,little,little,3590,12,4
875,40,1,2,0,rich,moderate,1322,11,1
876,36,0,3,2,little,little,1940,18,5
877,28,0,2,0,little,unknown,3595,36,5
878,27,0,3,2,little,little,1422,9,1
879,36,0,2,0,unknown,unknown,6742,30,5
880,38,0,3,0,little,unknown,7814,24,1
881,48,0,2,2,unknown,unknown,9277,24,1
882,36,0,2,0,unknown,moderate,2181,30,1
883,65,1,0,0,little,unknown,1098,18,5
884,43,0,2,0,little,moderate,4057,24,4
885,53,1,2,0,little,little,795,12,3
886,34,0,2,0,unknown,moderate,2825,24,0
887,23,0,2,0,little,moderate,15672,48,0
888,34,0,3,0,little,unknown,6614,36,1
889,40,0,2,1,unknown,unknown,7824,28,1
890,43,0,3,0,little,little,2442,27,0
891,46,0,2,0,little,unknown,1829,15,5
892,38,0,1,0,little,little,2171,12,1
893,34,0,2,0,little,moderate,5800,36,1
894,29,0,2,0,unknown,unknown,1169,18,5
895,31,0,3,0,unknown,unknown,8947,36,1
896,28,1,3,1,little,little,2606,21,5
897,35,1,2,0,rich,unknown,1592,12,4
898,33,1,1,1,unknown,unknown,2186,15,4
899,42,0,2,0,little,little,4153,18,4
900,43,0,2,1,little,little,2625,16,1
901,44,0,2,0,unknown,unknown,3485,20,1
902,42,0,2,2,unknown,unknown,10477,36,1
903,40,0,2,1,unknown,unknown,1386,15,5
904,36,0,3,0,little,unknown,1278,24,5
905,20,0,3,1,little,little,1107,12,5
906,24,0,1,0,unknown,little,3763,21,1
907,27,0,2,0,unknown,moderate,3711,36,3
908,46,1,1,0,little,unknown,3594,15,1
909,33,1,1,0,unknown,moderate,3195,9,1
910,34,1,2,0,little,unknown,4454,36,5
911,25,1,1,0,little,moderate,4736,24,4
912,25,1,2,0,unknown,moderate,2991,30,5
913,28,0,2,0,rich,unknown,2142,11,0
914,31,0,2,1,little,little,3161,24,0
915,32,1,3,0,little,moderate,18424,48,7
916,32,0,2,0,moderate,unknown,2848,10,1
917,68,0,3,0,little,little,14896,6,1
918,33,0,2,0,moderate,little,2359,24,4
919,39,0,3,1,little,little,3345,24,4
920,28,1,2,0,little,unknown,1817,18,4
921,37,0,3,0,quite rich,unknown,12749,48,5
922,22,1,2,1,little,little,1366,9,5
923,30,0,2,1,little,moderate,2002,12,1
924,55,0,2,0,little,little,6872,24,4
925,46,0,2,0,little,little,697,12,1
926,21,1,2,1,little,little,1049,18,4
927,39,0,2,2,little,little,10297,48,1
928,58,0,2,0,unknown,unknown,1867,30,5
929,43,0,1,0,little,little,1344,12,1
930,24,0,1,0,little,little,1747,24,4
931,22,1,2,0,little,moderate,1670,9,5
932,30,0,2,0,little,unknown,1224,9,1
933,42,0,2,0,quite rich,unknown,522,12,5
934,23,1,2,0,little,little,1498,12,5
935,30,0,3,0,moderate,moderate,1919,30,5
936,28,1,1,0,little,rich,745,9,5
937,30,0,3,1,little,moderate,2063,6,5
938,42,0,2,2,little,moderate,6288,60,3
939,46,0,3,0,unknown,unknown,6842,24,1
940,45,0,3,0,unknown,unknown,3527,12,1
941,31,0,1,0,little,unknown,1546,10,1
942,31,0,2,0,unknown,unknown,929,24,4
943,42,0,1,0,little,unknown,1455,4,1
944,46,1,2,1,little,little,1845,15,4
945,30,1,2,0,quite rich,moderate,8358,48,1
946,30,0,2,2,quite rich,little,3349,24,4
947,38,0,3,0,unknown,unknown,2859,12,1
948,43,0,1,0,little,unknown,1533,18,4
949,31,0,2,0,moderate,unknown,3621,24,5
950,40,0,0,0,little,moderate,3590,18,0
951,24,0,2,0,little,little,2145,36,0
952,28,1,2,1,quite rich,moderate,4113,24,1
953,26,1,3,0,little,unknown,10974,36,4
954,29,1,2,0,little,little,1893,12,1
955,57,1,3,1,rich,little,1231,24,5
956,49,0,1,0,unknown,rich,3656,30,5
957,37,0,1,0,little,moderate,1154,9,5
958,45,0,1,0,little,little,4006,28,1
959,30,0,2,2,moderate,moderate,3069,24,4
960,30,0,2,1,little,unknown,1740,6,5
961,47,0,2,0,little,moderate,2353,21,1
962,29,0,2,0,unknown,unknown,3556,15,1
963,35,0,2,0,quite rich,unknown,2397,24,5
964,22,0,1,0,little,moderate,454,6,6
965,26,1,2,0,unknown,moderate,1715,30,5
966,23,0,1,0,quite rich,moderate,2520,27,5
967,54,1,3,1,little,unknown,3568,15,5
968,29,0,2,1,unknown,unknown,7166,42,5
969,40,0,1,0,little,little,3939,11,1
970,22,0,2,0,moderate,moderate,1514,15,6
971,43,0,1,0,little,unknown,7393,24,1
972,29,1,0,1,little,little,1193,24,1
973,36,0,2,1,little,little,7297,60,0
974,33,1,2,0,little,unknown,2831,30,5
975,57,1,1,0,quite rich,rich,1258,24,5
976,64,1,2,0,little,moderate,753,6,5
977,42,0,2,0,unknown,moderate,2427,18,0
978,47,0,1,0,little,unknown,2538,24,1
979,25,0,2,1,moderate,moderate,1264,15,1
980,49,0,2,0,little,moderate,8386,30,4
981,33,0,3,1,little,unknown,4844,48,0
982,28,1,3,0,moderate,rich,2923,21,1
983,26,0,2,0,little,little,8229,36,1
984,30,0,1,0,little,unknown,2028,24,4
985,25,1,2,1,little,little,1433,15,4
986,33,0,2,0,little,rich,6289,42,0
987,64,1,2,0,moderate,unknown,1409,13,5
988,29,0,3,2,little,little,6579,24,1
989,48,0,1,0,little,moderate,1743,24,5
990,37,0,1,0,unknown,unknown,3565,12,3
991,34,0,1,0,moderate,unknown,1569,15,5
992,23,0,1,1,unknown,little,1936,18,5
993,30,0,3,0,little,little,3959,36,4
994,50,0,2,0,unknown,unknown,2390,12,1
995,31,1,1,0,little,unknown,1736,12,4
996,40,0,3,0,little,little,3857,30,1
997,38,0,2,0,little,unknown,804,12,5
998,23,0,2,2,little,little,1845,45,5
999,27,0,2,0,moderate,moderate,4576,45,1
